{"cameraMode":{"drawMode":0,"name":"Shaded","section":"Shading Mode"},"sceneLighting":true,"audioPlay":false,"sceneViewState":{"m_AlwaysRefresh":false,"showFog":true,"showSkybox":true,"showFlares":true,"showImageEffects":true,"showParticleSystems":true,"showVisualEffectGraphs":true,"m_FxEnabled":true},"in2DMode":false,"pivot":{"x":62.88310241699219,"y":-1.0079383850097657,"z":120.3669662475586},"rotation":{"x":-0.13428914546966554,"y":-0.017847102135419847,"z":0.0023901190143078567,"w":-0.9909011125564575},"size":106.01345825195313,"orthographic":false}